,Country,Climate Vulnerability Score,Year_Month,Aviation Emissions (Tons),Year,Month,Population(Thousands),GDP (current US$),CO2 Emissions (Metric Tons)
0,Australia,0.306,2019-Jan,1493138.36,2019,1,25482.714,1.39E+12,15.59904536
1,Canada,0.281,2019-Jan,1916450.359,2019,1,37782.935,1.74E+12,15.04583849
2,France,0.3,2019-Jan,1793704.32,2019,1,65729.459,2.73E+12,4.460164948
3,Germany,0.299,2019-Jan,2266376.401,2019,1,83559.186,3.89E+12,7.927187624
4,Japan,0.36,2019-Jan,2011498.772,2019,1,126699.424,5.12E+12,8.478400575
5,Netherlands,0.355,2019-Jan,972835.9861,2019,1,17537.507,9.10E+11,8.41396928
6,Spain,0.292,2019-Jan,971129.6311,2019,1,47435.119,1.39E+12,5.131798801
7,United Kingdom,0.285,2019-Jan,2818371.061,2019,1,67110.958,2.85E+12,5.175842473
8,Bangladesh,0.554,2019-Jan,58767.67534,2019,1,164913.055,3.51E+11,0.559733656
9,Haiti,0.51,2019-Jan,2190.411637,2019,1,11105.163,15016090930,0.297241022
10,Madagascar,0.559,2019-Jan,13112.64234,2019,1,28219.554,14104664679,0.142653575
11,Maldives,0.564,2019-Jan,4257.931117,2019,1,487.731,5726094799,3.963267183
12,Mozambique,0.479,2019-Jan,500.7780758,2019,1,29884.38,15512758965,0.248639659
13,Nepal,0.494,2019-Jan,15914.57588,2019,1,28414.064,34186180699,0.480724943
14,Solomon Islands,0.634,2019-Jan,1400.489239,2019,1,728.147,1619155017,0.451560238
15,United Arab Emirates,0.382,2019-Jan,4165084.585,2019,1,9377.847,4.18E+11,20.15334483
16,Vanuatu,0.56,2019-Jan,3250.502522,2019,1,291.985,936526267.6,0.548284517
17,Australia,0.306,2019-Feb,1293562.479,2019,2,25497.67796,1.40E+12,15.56475751
18,Canada,0.281,2019-Feb,1705369.788,2019,2,37804.56675,1.75E+12,14.98524923
19,France,0.3,2019-Feb,1513250.269,2019,2,65740.87463,2.73E+12,4.439061511
20,Germany,0.299,2019-Feb,2227999.969,2019,2,83570.16602,3.89E+12,7.899189016
21,Japan,0.36,2019-Feb,1828152.598,2019,2,126663.9689,5.10E+12,8.459779546
22,Netherlands,0.355,2019-Feb,888253.3638,2019,2,17545.15104,9.12E+11,8.374701955
23,Spain,0.292,2019-Feb,860992.2233,2019,2,47443.31198,1.39E+12,5.096290291
24,United Kingdom,0.285,2019-Feb,2701045.31,2019,2,67133.21544,2.86E+12,5.15189663
25,Bangladesh,0.554,2019-Feb,53361.56917,2019,2,165006.2184,3.54E+11,0.557688402
26,Haiti,0.51,2019-Feb,1679.937869,2019,2,11113.4639,15125204700,0.296681606
27,Madagascar,0.559,2019-Feb,9264.749701,2019,2,28265.75623,14129619800,0.140762574
28,Maldives,0.564,2019-Feb,4978.426247,2019,2,488.4888125,5735356132,3.915897105
29,Mozambique,0.479,2019-Feb,550.560804,2019,2,29942.12721,15573052226,0.247561654
30,Nepal,0.494,2019-Feb,13295.91492,2019,2,28441.17592,34331946509,0.481918331
31,Solomon Islands,0.634,2019-Feb,1531.249167,2019,2,729.2494792,1618055135,0.446206293
32,United Arab Emirates,0.382,2019-Feb,3688765.592,2019,2,9395.851979,4.20E+11,20.15746678
33,Vanuatu,0.56,2019-Feb,2371.305527,2019,2,292.4237708,938311539.1,0.541654952
34,Australia,0.306,2019-Mar,1282164.435,2019,3,25512.64192,1.41E+12,15.53046966
35,Canada,0.281,2019-Mar,1770286.203,2019,3,37826.1985,1.76E+12,14.92465998
36,France,0.3,2019-Mar,1534910.211,2019,3,65752.29025,2.73E+12,4.417958074
37,Germany,0.299,2019-Mar,2282480.544,2019,3,83581.14604,3.90E+12,7.871190408
38,Japan,0.36,2019-Mar,1873823.61,2019,3,126628.5138,5.08E+12,8.441158516
39,Netherlands,0.355,2019-Mar,924242.0462,2019,3,17552.79508,9.14E+11,8.33543463
40,Spain,0.292,2019-Mar,902043.3949,2019,3,47451.50496,1.40E+12,5.060781782
41,United Kingdom,0.285,2019-Mar,2803888.604,2019,3,67155.47287,2.86E+12,5.127950787
42,Bangladesh,0.554,2019-Mar,58852.62129,2019,3,165099.3818,3.56E+11,0.555643148
43,Haiti,0.51,2019-Mar,1003.79343,2019,3,11121.76479,15234318471,0.296122189
44,Madagascar,0.559,2019-Mar,8513.099375,2019,3,28311.95846,14154574921,0.138871572
45,Maldives,0.564,2019-Mar,4572.376918,2019,3,489.246625,5744617464,3.868527026
46,Mozambique,0.479,2019-Mar,747.0821958,2019,3,29999.87442,15633345487,0.24648365
47,Nepal,0.494,2019-Mar,14633.75306,2019,3,28468.28783,34477712320,0.483111718
48,Solomon Islands,0.634,2019-Mar,1154.069755,2019,3,730.3519583,1616955254,0.440852348
49,United Arab Emirates,0.382,2019-Mar,3787583.939,2019,3,9413.856958,4.22E+11,20.16158874
50,Vanuatu,0.56,2019-Mar,2301.465349,2019,3,292.8625417,940096810.5,0.535025388
51,Australia,0.306,2019-Apr,1413224.401,2019,4,25527.60588,1.41E+12,15.4961818
52,Canada,0.281,2019-Apr,1810037.412,2019,4,37847.83025,1.77E+12,14.86407072
53,France,0.3,2019-Apr,1696106.729,2019,4,65763.70588,2.73E+12,4.396854636
54,Germany,0.299,2019-Apr,2433902.947,2019,4,83592.12606,3.90E+12,7.843191799
55,Japan,0.36,2019-Apr,2071591.001,2019,4,126593.0586,5.06E+12,8.422537487
56,Netherlands,0.355,2019-Apr,1145587.242,2019,4,17560.43913,9.16E+11,8.296167305
57,Spain,0.292,2019-Apr,1083543.042,2019,4,47459.69794,1.40E+12,5.025273272
58,United Kingdom,0.285,2019-Apr,3004677.618,2019,4,67177.73031,2.87E+12,5.104004945
59,Bangladesh,0.554,2019-Apr,64657.45951,2019,4,165192.5451,3.58E+11,0.553597894
60,Haiti,0.51,2019-Apr,925.955518,2019,4,11130.06569,15343432241,0.295562773
61,Madagascar,0.559,2019-Apr,13420.73519,2019,4,28358.16069,14179530042,0.136980571
62,Maldives,0.564,2019-Apr,4256.924702,2019,4,490.0044375,5753878796,3.821156947
63,Mozambique,0.479,2019-Apr,1536.98488,2019,4,30057.62163,15693638748,0.245405645
64,Nepal,0.494,2019-Apr,16564.7249,2019,4,28495.39975,34623478130,0.484305106
65,Solomon Islands,0.634,2019-Apr,1376.871809,2019,4,731.4544375,1615855372,0.435498402
66,United Arab Emirates,0.382,2019-Apr,3792541.954,2019,4,9431.861938,4.24E+11,20.16571069
67,Vanuatu,0.56,2019-Apr,3053.03297,2019,4,293.3013125,941882082,0.528395823
68,Australia,0.306,2019-May,1384128.007,2019,5,25542.56983,1.42E+12,15.46189395
69,Canada,0.281,2019-May,1858056.086,2019,5,37869.462,1.78E+12,14.80348147
70,France,0.3,2019-May,1698166.805,2019,5,65775.1215,2.73E+12,4.375751199
71,Germany,0.299,2019-May,2578139.568,2019,5,83603.10608,3.91E+12,7.815193191
72,Japan,0.36,2019-May,2136235.807,2019,5,126557.6035,5.05E+12,8.403916457
73,Netherlands,0.355,2019-May,1326021.171,2019,5,17568.08317,9.18E+11,8.25689998
74,Spain,0.292,2019-May,1153286.131,2019,5,47467.89092,1.40E+12,4.989764763
75,United Kingdom,0.285,2019-May,3322640.314,2019,5,67199.98775,2.87E+12,5.080059102
76,Bangladesh,0.554,2019-May,66082.53467,2019,5,165285.7085,3.60E+11,0.55155264
77,Haiti,0.51,2019-May,875.8248541,2019,5,11138.36658,15452546012,0.295003356
78,Madagascar,0.559,2019-May,13931.68751,2019,5,28404.36292,14204485164,0.135089569
79,Maldives,0.564,2019-May,4920.9336,2019,5,490.76225,5763140128,3.773786869
80,Mozambique,0.479,2019-May,1437.268873,2019,5,30115.36883,15753932009,0.244327641
81,Nepal,0.494,2019-May,18642.80314,2019,5,28522.51167,34769243941,0.485498494
82,Solomon Islands,0.634,2019-May,1324.623114,2019,5,732.5569167,1614755490,0.430144457
83,United Arab Emirates,0.382,2019-May,3600901.715,2019,5,9449.866917,4.25E+11,20.16983264
84,Vanuatu,0.56,2019-May,2938.37039,2019,5,293.7400833,943667353.4,0.521766259
85,Australia,0.306,2019-Jun,1354708.524,2019,6,25557.53379,1.43E+12,15.4276061
86,Canada,0.281,2019-Jun,1989887.107,2019,6,37891.09375,1.79E+12,14.74289221
87,France,0.3,2019-Jun,1751594.569,2019,6,65786.53713,2.73E+12,4.354647762
88,Germany,0.299,2019-Jun,2538858.488,2019,6,83614.0861,3.91E+12,7.787194583
89,Japan,0.36,2019-Jun,2091803.727,2019,6,126522.1484,5.03E+12,8.385295428
90,Netherlands,0.355,2019-Jun,1293799.269,2019,6,17575.72721,9.21E+11,8.217632655
91,Spain,0.292,2019-Jun,1208440.437,2019,6,47476.0839,1.40E+12,4.954256253
92,United Kingdom,0.285,2019-Jun,3429410.668,2019,6,67222.24519,2.88E+12,5.05611326
93,Bangladesh,0.554,2019-Jun,63821.07697,2019,6,165378.8719,3.63E+11,0.549507386
94,Haiti,0.51,2019-Jun,597.6317495,2019,6,11146.66748,15561659783,0.294443939
95,Madagascar,0.559,2019-Jun,13338.99109,2019,6,28450.56515,14229440285,0.133198568
96,Maldives,0.564,2019-Jun,4979.915795,2019,6,491.5200625,5772401461,3.72641679
97,Mozambique,0.479,2019-Jun,859.3903013,2019,6,30173.11604,15814225270,0.243249637
98,Nepal,0.494,2019-Jun,17835.1244,2019,6,28549.62358,34915009751,0.486691882
99,Solomon Islands,0.634,2019-Jun,1190.401224,2019,6,733.6593958,1613655608,0.424790511
100,United Arab Emirates,0.382,2019-Jun,4026814.824,2019,6,9467.871896,4.27E+11,20.17395459
101,Vanuatu,0.56,2019-Jun,2969.815328,2019,6,294.1788542,945452624.9,0.515136694
102,Australia,0.306,2019-Jul,1482249.45,2019,7,25572.49775,1.43E+12,15.39331825
103,Canada,0.281,2019-Jul,2211625.017,2019,7,37912.7255,1.80E+12,14.68230295
104,France,0.3,2019-Jul,1868741.906,2019,7,65797.95275,2.74E+12,4.333544324
105,Germany,0.299,2019-Jul,2641779.001,2019,7,83625.06613,3.91E+12,7.759195975
106,Japan,0.36,2019-Jul,2206508.076,2019,7,126486.6933,5.01E+12,8.366674399
107,Netherlands,0.355,2019-Jul,1353365.786,2019,7,17583.37125,9.23E+11,8.17836533
108,Spain,0.292,2019-Jul,1323209.388,2019,7,47484.27687,1.40E+12,4.918747744
109,United Kingdom,0.285,2019-Jul,3654474.057,2019,7,67244.50263,2.88E+12,5.032167417
110,Bangladesh,0.554,2019-Jul,72049.27662,2019,7,165472.0353,3.65E+11,0.547462132
111,Haiti,0.51,2019-Jul,498.1518112,2019,7,11154.96838,15670773553,0.293884523
112,Madagascar,0.559,2019-Jul,15371.83925,2019,7,28496.76738,14254395406,0.131307567
113,Maldives,0.564,2019-Jul,5642.339818,2019,7,492.277875,5781662793,3.679046712
114,Mozambique,0.479,2019-Jul,1088.002046,2019,7,30230.86325,15874518531,0.242171632
115,Nepal,0.494,2019-Jul,19823.2722,2019,7,28576.7355,35060775562,0.487885269
116,Solomon Islands,0.634,2019-Jul,1738.522418,2019,7,734.761875,1612555726,0.419436566
117,United Arab Emirates,0.382,2019-Jul,4282431.42,2019,7,9485.876875,4.29E+11,20.17807654
118,Vanuatu,0.56,2019-Jul,3421.701549,2019,7,294.617625,947237896.4,0.50850713
119,Australia,0.306,2019-Aug,1417848.831,2019,8,25587.46171,1.44E+12,15.3590304
120,Canada,0.281,2019-Aug,2198865.147,2019,8,37934.35725,1.80E+12,14.6217137
121,France,0.3,2019-Aug,1849907.852,2019,8,65809.36838,2.74E+12,4.312440887
122,Germany,0.299,2019-Aug,2609913.415,2019,8,83636.04615,3.92E+12,7.731197367
123,Japan,0.36,2019-Aug,2213717.755,2019,8,126451.2381,4.99E+12,8.348053369
124,Netherlands,0.355,2019-Aug,1347948.49,2019,8,17591.01529,9.25E+11,8.139098005
125,Spain,0.292,2019-Aug,1343614.683,2019,8,47492.46985,1.40E+12,4.883239234
126,United Kingdom,0.285,2019-Aug,3640953.912,2019,8,67266.76006,2.89E+12,5.008221575
127,Bangladesh,0.554,2019-Aug,78945.64011,2019,8,165565.1986,3.67E+11,0.545416878
128,Haiti,0.51,2019-Aug,544.0684276,2019,8,11163.26927,15779887324,0.293325106
129,Madagascar,0.559,2019-Aug,17231.13825,2019,8,28542.9696,14279350527,0.129416565
130,Maldives,0.564,2019-Aug,5776.010616,2019,8,493.0356875,5790924125,3.631676633
131,Mozambique,0.479,2019-Aug,1725.1243,2019,8,30288.61046,15934811792,0.241093628
132,Nepal,0.494,2019-Aug,20848.40663,2019,8,28603.84742,35206541372,0.489078657
133,Solomon Islands,0.634,2019-Aug,1380.40061,2019,8,735.8643542,1611455844,0.414082621
134,United Arab Emirates,0.382,2019-Aug,4276850,2019,8,9503.881854,4.31E+11,20.1821985
135,Vanuatu,0.56,2019-Aug,3725.649411,2019,8,295.0563958,949023167.8,0.501877565
136,Australia,0.306,2019-Sep,1395930.382,2019,9,25602.42567,1.44E+12,15.32474254
137,Canada,0.281,2019-Sep,1960525.111,2019,9,37955.989,1.81E+12,14.56112444
138,France,0.3,2019-Sep,1632628.647,2019,9,65820.784,2.74E+12,4.29133745
139,Germany,0.299,2019-Sep,2567016.637,2019,9,83647.02617,3.92E+12,7.703198759
140,Japan,0.36,2019-Sep,2103677.156,2019,9,126415.783,4.97E+12,8.32943234
141,Netherlands,0.355,2019-Sep,1325338.65,2019,9,17598.65933,9.27E+11,8.09983068
142,Spain,0.292,2019-Sep,1255183.191,2019,9,47500.66283,1.40E+12,4.847730724
143,United Kingdom,0.285,2019-Sep,3375659.977,2019,9,67289.0175,2.89E+12,4.984275732
144,Bangladesh,0.554,2019-Sep,84711.95237,2019,9,165658.362,3.69E+11,0.543371623
145,Haiti,0.51,2019-Sep,682.9467135,2019,9,11171.57017,15889001095,0.29276569
146,Madagascar,0.559,2019-Sep,13961.39439,2019,9,28589.17183,14304305649,0.127525564
147,Maldives,0.564,2019-Sep,5036.526956,2019,9,493.7935,5800185457,3.584306555
148,Mozambique,0.479,2019-Sep,1252.318546,2019,9,30346.35767,15995105053,0.240015623
149,Nepal,0.494,2019-Sep,22200.64687,2019,9,28630.95933,35352307183,0.490272045
150,Solomon Islands,0.634,2019-Sep,1339.1794,2019,9,736.9668333,1610355962,0.408728675
151,United Arab Emirates,0.382,2019-Sep,4018409.114,2019,9,9521.886833,4.33E+11,20.18632045
152,Vanuatu,0.56,2019-Sep,3319.144567,2019,9,295.4951667,950808439.3,0.495248001
153,Australia,0.306,2019-Oct,1463169.369,2019,10,25617.38963,1.45E+12,15.29045469
154,Canada,0.281,2019-Oct,1821609.884,2019,10,37977.62075,1.82E+12,14.50053518
155,France,0.3,2019-Oct,1624827.217,2019,10,65832.19963,2.74E+12,4.270234012
156,Germany,0.299,2019-Oct,2547199.816,2019,10,83658.00619,3.93E+12,7.675200151
157,Japan,0.36,2019-Oct,2103830.76,2019,10,126380.3279,4.96E+12,8.31081131
158,Netherlands,0.355,2019-Oct,1295570.409,2019,10,17606.30338,9.29E+11,8.060563354
159,Spain,0.292,2019-Oct,1158017.099,2019,10,47508.85581,1.40E+12,4.812222215
160,United Kingdom,0.285,2019-Oct,3310090.108,2019,10,67311.27494,2.90E+12,4.960329889
161,Bangladesh,0.554,2019-Oct,73675.48009,2019,10,165751.5254,3.72E+11,0.541326369
162,Haiti,0.51,2019-Oct,413.0151506,2019,10,11179.87106,15998114865,0.292206273
163,Madagascar,0.559,2019-Oct,10523.36717,2019,10,28635.37406,14329260770,0.125634562
164,Maldives,0.564,2019-Oct,4618.637547,2019,10,494.5513125,5809446789,3.536936476
165,Mozambique,0.479,2019-Oct,1352.121788,2019,10,30404.10488,16055398314,0.238937619
166,Nepal,0.494,2019-Oct,23971.83423,2019,10,28658.07125,35498072993,0.491465432
167,Solomon Islands,0.634,2019-Oct,1387.245045,2019,10,738.0693125,1609256080,0.40337473
168,United Arab Emirates,0.382,2019-Oct,4082518.03,2019,10,9539.891813,4.35E+11,20.1904424
169,Vanuatu,0.56,2019-Oct,3797.504102,2019,10,295.9339375,952593710.7,0.488618436
170,Australia,0.306,2019-Nov,1354434.362,2019,11,25632.35358,1.46E+12,15.25616684
171,Canada,0.281,2019-Nov,1637046.897,2019,11,37999.2525,1.83E+12,14.43994593
172,France,0.3,2019-Nov,1541180.741,2019,11,65843.61525,2.74E+12,4.249130575
173,Germany,0.299,2019-Nov,2178135.175,2019,11,83668.98621,3.93E+12,7.647201542
174,Japan,0.36,2019-Nov,2113065.077,2019,11,126344.8728,4.94E+12,8.292190281
175,Netherlands,0.355,2019-Nov,1000777.742,2019,11,17613.94742,9.31E+11,8.021296029
176,Spain,0.292,2019-Nov,1021091.165,2019,11,47517.04879,1.40E+12,4.776713705
177,United Kingdom,0.285,2019-Nov,2736623.974,2019,11,67333.53238,2.90E+12,4.936384047
178,Bangladesh,0.554,2019-Nov,53677.91514,2019,11,165844.6888,3.74E+11,0.539281115
179,Haiti,0.51,2019-Nov,5535.63448,2019,11,11188.17196,16107228636,0.291646856
180,Madagascar,0.559,2019-Nov,13240.79219,2019,11,28681.57629,14354215891,0.123743561
181,Maldives,0.564,2019-Nov,2625.189054,2019,11,495.309125,5818708122,3.489566398
182,Mozambique,0.479,2019-Nov,1134.771558,2019,11,30461.85208,16115691575,0.237859614
183,Nepal,0.494,2019-Nov,24457.77873,2019,11,28685.18317,35643838804,0.49265882
184,Solomon Islands,0.634,2019-Nov,1664.724147,2019,11,739.1717917,1608156198,0.398020785
185,United Arab Emirates,0.382,2019-Nov,3912441.5,2019,11,9557.896792,4.37E+11,20.19456435
186,Vanuatu,0.56,2019-Nov,3413.659392,2019,11,296.3727083,954378982.2,0.481988871
187,Australia,0.306,2019-Dec,1458701.107,2019,12,25647.31754,1.46E+12,15.22187899
188,Canada,0.281,2019-Dec,1872749.323,2019,12,38020.88425,1.84E+12,14.37935667
189,France,0.3,2019-Dec,1657031.661,2019,12,65855.03088,2.74E+12,4.228027137
190,Germany,0.299,2019-Dec,2119667.819,2019,12,83679.96623,3.93E+12,7.619202934
191,Japan,0.36,2019-Dec,2148244.581,2019,12,126309.4176,4.92E+12,8.273569252
192,Netherlands,0.355,2019-Dec,1033146.793,2019,12,17621.59146,9.33E+11,7.982028704
193,Spain,0.292,2019-Dec,1035380.681,2019,12,47525.24177,1.40E+12,4.741205196
194,United Kingdom,0.285,2019-Dec,2852746.093,2019,12,67355.78981,2.91E+12,4.912438204
195,Bangladesh,0.554,2019-Dec,64191.52472,2019,12,165937.8521,3.76E+11,0.537235861
196,Haiti,0.51,2019-Dec,6142.305537,2019,12,11196.47285,16216342407,0.29108744
197,Madagascar,0.559,2019-Dec,10658.48153,2019,12,28727.77852,14379171013,0.121852559
198,Maldives,0.564,2019-Dec,4037.338078,2019,12,496.0669375,5827969454,3.442196319
199,Mozambique,0.479,2019-Dec,1029.180351,2019,12,30519.59929,16175984836,0.23678161
200,Nepal,0.494,2019-Dec,26520.26182,2019,12,28712.29508,35789604614,0.493852208
201,Solomon Islands,0.634,2019-Dec,1225.430856,2019,12,740.2742708,1607056316,0.392666839
202,United Arab Emirates,0.382,2019-Dec,4168158.022,2019,12,9575.901771,4.38E+11,20.1986863
203,Vanuatu,0.56,2019-Dec,3528.679518,2019,12,296.8114792,956164253.6,0.475359307
204,Australia,0.306,2020-Jan,1477292.302,2020,1,25662.2815,1.47E+12,15.18759113
205,Canada,0.281,2020-Jan,1872473.879,2020,1,38042.516,1.85E+12,14.31876742
206,France,0.3,2020-Jan,1617400.189,2020,1,65866.4465,2.74E+12,4.2069237
207,Germany,0.299,2020-Jan,2158202.119,2020,1,83690.94625,3.94E+12,7.591204326
208,Japan,0.36,2020-Jan,2154868.483,2020,1,126273.9625,4.90E+12,8.254948222
209,Netherlands,0.355,2020-Jan,1002921.339,2020,1,17629.2355,9.35E+11,7.942761379
210,Spain,0.292,2020-Jan,1036061.421,2020,1,47533.43475,1.40E+12,4.705696686
211,United Kingdom,0.285,2020-Jan,2691347.776,2020,1,67378.04725,2.91E+12,4.888492362
212,Bangladesh,0.554,2020-Jan,63919.97371,2020,1,166031.0155,3.78E+11,0.535190607
213,Haiti,0.51,2020-Jan,5389.082079,2020,1,11204.77375,16325456177,0.290528023
214,Madagascar,0.559,2020-Jan,11538.58549,2020,1,28773.98075,14404126134,0.119961558
215,Maldives,0.564,2020-Jan,5575.407059,2020,1,496.82475,5837230786,3.394826241
216,Mozambique,0.479,2020-Jan,980.1122992,2020,1,30577.3465,16236278097,0.235703606
217,Nepal,0.494,2020-Jan,27107.58826,2020,1,28739.407,35935370424,0.495045595
218,Solomon Islands,0.634,2020-Jan,1555.341497,2020,1,741.37675,1605956435,0.387312894
219,United Arab Emirates,0.382,2020-Jan,4168550.961,2020,1,9593.90675,4.40E+11,20.20280826
220,Vanuatu,0.56,2020-Jan,3410.364994,2020,1,297.25025,957949525.1,0.468729742
221,Australia,0.306,2020-Feb,1284976.501,2020,2,25677.24546,1.48E+12,15.15330328
222,Canada,0.281,2020-Feb,1694248.538,2020,2,38064.14775,1.86E+12,14.25817816
223,France,0.3,2020-Feb,1432835.036,2020,2,65877.86213,2.74E+12,4.185820263
224,Germany,0.299,2020-Feb,1973149.7,2020,2,83701.92627,3.94E+12,7.563205718
225,Japan,0.36,2020-Feb,1979043.843,2020,2,126238.5074,4.88E+12,8.236327193
226,Netherlands,0.355,2020-Feb,904311.0477,2020,2,17636.87954,9.37E+11,7.903494054
227,Spain,0.292,2020-Feb,915249.8971,2020,2,47541.62773,1.40E+12,4.670188177
228,United Kingdom,0.285,2020-Feb,2564103.336,2020,2,67400.30469,2.92E+12,4.864546519
229,Bangladesh,0.554,2020-Feb,61926.75054,2020,2,166124.1789,3.81E+11,0.533145353
230,Haiti,0.51,2020-Feb,414.0407609,2020,2,11213.07465,16434569948,0.289968607
231,Madagascar,0.559,2020-Feb,7273.320822,2020,2,28820.18298,14429081255,0.118070556
232,Maldives,0.564,2020-Feb,2989.952604,2020,2,497.5825625,5846492118,3.347456162
233,Mozambique,0.479,2020-Feb,1445.084554,2020,2,30635.09371,16296571358,0.234625601
234,Nepal,0.494,2020-Feb,24249.6575,2020,2,28766.51892,36081136235,0.496238983
235,Solomon Islands,0.634,2020-Feb,720.836443,2020,2,742.4792292,1604856553,0.381958948
236,United Arab Emirates,0.382,2020-Feb,3684528.65,2020,2,9611.911729,4.42E+11,20.20693021
237,Vanuatu,0.56,2020-Feb,2018.516278,2020,2,297.6890208,959734796.5,0.462100178
238,Australia,0.306,2020-Mar,1084989.672,2020,3,25692.20942,1.48E+12,15.11901543
239,Canada,0.281,2020-Mar,1439552.267,2020,3,38085.7795,1.87E+12,14.1975889
240,France,0.3,2020-Mar,1026712.238,2020,3,65889.27775,2.74E+12,4.164716825
241,Germany,0.299,2020-Mar,1423173.205,2020,3,83712.90629,3.95E+12,7.53520711
242,Japan,0.36,2020-Mar,1765301.091,2020,3,126203.0523,4.87E+12,8.217706164
243,Netherlands,0.355,2020-Mar,696826.9128,2020,3,17644.52358,9.39E+11,7.864226729
244,Spain,0.292,2020-Mar,600311.3994,2020,3,47549.82071,1.40E+12,4.634679667
245,United Kingdom,0.285,2020-Mar,1934323.168,2020,3,67422.56213,2.92E+12,4.840600677
246,Bangladesh,0.554,2020-Mar,38172.97625,2020,3,166217.3423,3.83E+11,0.531100099
247,Haiti,0.51,2020-Mar,354.795534,2020,3,11221.37554,16543683719,0.28940919
248,Madagascar,0.559,2020-Mar,3303.015762,2020,3,28866.38521,14454036376,0.116179555
249,Maldives,0.564,2020-Mar,1303.136724,2020,3,498.340375,5855753451,3.300086084
250,Mozambique,0.479,2020-Mar,2427.316006,2020,3,30692.84092,16356864619,0.233547597
251,Nepal,0.494,2020-Mar,14111.61388,2020,3,28793.63083,36226902045,0.497432371
252,Solomon Islands,0.634,2020-Mar,1047.4619,2020,3,743.5817083,1603756671,0.376605003
253,United Arab Emirates,0.382,2020-Mar,2608988.012,2020,3,9629.916708,4.44E+11,20.21105216
254,Vanuatu,0.56,2020-Mar,2021.255669,2020,3,298.1277917,961520068,0.455470613
255,Australia,0.306,2020-Apr,204921.8725,2020,4,25707.17338,1.49E+12,15.08472758
256,Canada,0.281,2020-Apr,313765.5592,2020,4,38107.41125,1.87E+12,14.13699965
257,France,0.3,2020-Apr,131701.0539,2020,4,65900.69338,2.74E+12,4.143613388
258,Germany,0.299,2020-Apr,509573.4314,2020,4,83723.88631,3.95E+12,7.507208502
259,Japan,0.36,2020-Apr,721413.3417,2020,4,126167.5971,4.85E+12,8.199085134
260,Netherlands,0.355,2020-Apr,177368.7956,2020,4,17652.16763,9.41E+11,7.824959404
261,Spain,0.292,2020-Apr,80596.88183,2020,4,47558.01369,1.40E+12,4.599171157
262,United Kingdom,0.285,2020-Apr,254905.6874,2020,4,67444.81956,2.93E+12,4.816654834
263,Bangladesh,0.554,2020-Apr,1137.61738,2020,4,166310.5056,3.85E+11,0.529054845
264,Haiti,0.51,2020-Apr,0,2020,4,11229.67644,16652797489,0.288849774
265,Madagascar,0.559,2020-Apr,23.06408732,2020,4,28912.58744,14478991498,0.114288554
266,Maldives,0.564,2020-Apr,1428.337896,2020,4,499.0981875,5865014783,3.252716005
267,Mozambique,0.479,2020-Apr,740.0382945,2020,4,30750.58813,16417157880,0.232469592
268,Nepal,0.494,2020-Apr,1191.642037,2020,4,28820.74275,36372667856,0.498625758
269,Solomon Islands,0.634,2020-Apr,400.9404154,2020,4,744.6841875,1602656789,0.371251058
270,United Arab Emirates,0.382,2020-Apr,330211.7265,2020,4,9647.921688,4.46E+11,20.21517411
271,Vanuatu,0.56,2020-Apr,52.07794545,2020,4,298.5665625,963305339.5,0.448841049
272,Australia,0.306,2020-May,200919.0169,2020,5,25722.13733,1.49E+12,15.05043972
273,Canada,0.281,2020-May,420490.2041,2020,5,38129.043,1.88E+12,14.07641039
274,France,0.3,2020-May,218287.7169,2020,5,65912.109,2.75E+12,4.122509951
275,Germany,0.299,2020-May,554208.8107,2020,5,83734.86633,3.95E+12,7.479209893
276,Japan,0.36,2020-May,558437.8957,2020,5,126132.142,4.83E+12,8.180464105
277,Netherlands,0.355,2020-May,280396.5071,2020,5,17659.81167,9.43E+11,7.785692079
278,Spain,0.292,2020-May,83425.2818,2020,5,47566.20667,1.40E+12,4.563662648
279,United Kingdom,0.285,2020-May,362993.2759,2020,5,67467.077,2.93E+12,4.792708991
280,Bangladesh,0.554,2020-May,1493.307812,2020,5,166403.669,3.88E+11,0.527009591
281,Haiti,0.51,2020-May,3.073436133,2020,5,11237.97733,16761911260,0.288290357
282,Madagascar,0.559,2020-May,86.55188067,2020,5,28958.78967,14503946619,0.112397552
283,Maldives,0.564,2020-May,1700.262672,2020,5,499.856,5874276115,3.205345926
284,Mozambique,0.479,2020-May,717.1656768,2020,5,30808.33533,16477451141,0.231391588
285,Nepal,0.494,2020-May,2336.487732,2020,5,28847.85467,36518433666,0.499819146
286,Solomon Islands,0.634,2020-May,416.9806554,2020,5,745.7866667,1601556907,0.365897112
287,United Arab Emirates,0.382,2020-May,579586.549,2020,5,9665.926667,4.48E+11,20.21929606
288,Vanuatu,0.56,2020-May,38.47425982,2020,5,299.0053333,965090610.9,0.442211484
289,Australia,0.306,2020-Jun,238234.6853,2020,6,25737.10129,1.50E+12,15.01615187
290,Canada,0.281,2020-Jun,436987.8049,2020,6,38150.67475,1.89E+12,14.01582114
291,France,0.3,2020-Jun,411110.0815,2020,6,65923.52463,2.75E+12,4.101406513
292,Germany,0.299,2020-Jun,557791.7612,2020,6,83745.84635,3.96E+12,7.451211285
293,Japan,0.36,2020-Jun,719982.6782,2020,6,126096.6869,4.81E+12,8.161843075
294,Netherlands,0.355,2020-Jun,413927.084,2020,6,17667.45571,9.45E+11,7.746424754
295,Spain,0.292,2020-Jun,76530.64242,2020,6,47574.39965,1.40E+12,4.528154138
296,United Kingdom,0.285,2020-Jun,443322.657,2020,6,67489.33444,2.94E+12,4.768763149
297,Bangladesh,0.554,2020-Jun,4976.560777,2020,6,166496.8324,3.90E+11,0.524964337
298,Haiti,0.51,2020-Jun,25.80384544,2020,6,11246.27823,16871025031,0.28773094
299,Madagascar,0.559,2020-Jun,171.5306851,2020,6,29004.9919,14528901740,0.110506551
300,Maldives,0.564,2020-Jun,1348.93982,2020,6,500.6138125,5883537447,3.157975848
301,Mozambique,0.479,2020-Jun,1424.763927,2020,6,30866.08254,16537744402,0.230313584
302,Nepal,0.494,2020-Jun,6573.629813,2020,6,28874.96658,36664199477,0.501012534
303,Solomon Islands,0.634,2020-Jun,255.0150628,2020,6,746.8891458,1600457025,0.360543167
304,United Arab Emirates,0.382,2020-Jun,697768.1427,2020,6,9683.931646,4.50E+11,20.22341802
305,Vanuatu,0.56,2020-Jun,65.55851017,2020,6,299.4441042,966875882.4,0.43558192
306,Australia,0.306,2020-Jul,280431.7999,2020,7,25752.06525,1.51E+12,14.98186402
307,Canada,0.281,2020-Jul,526308.6453,2020,7,38172.3065,1.90E+12,13.95523188
308,France,0.3,2020-Jul,751845.9449,2020,7,65934.94025,2.75E+12,4.080303076
309,Germany,0.299,2020-Jul,829123.7514,2020,7,83756.82638,3.96E+12,7.423212677
310,Japan,0.36,2020-Jul,952503.5926,2020,7,126061.2317,4.79E+12,8.143222046
311,Netherlands,0.355,2020-Jul,647547.1544,2020,7,17675.09975,9.47E+11,7.707157429
312,Spain,0.292,2020-Jul,292262.5089,2020,7,47582.59263,1.40E+12,4.492645629
313,United Kingdom,0.285,2020-Jul,705599.7099,2020,7,67511.59188,2.94E+12,4.744817306
314,Bangladesh,0.554,2020-Jul,10764.23969,2020,7,166589.9958,3.92E+11,0.522919083
315,Haiti,0.51,2020-Jul,30.57187113,2020,7,11254.57913,16980138801,0.287171524
316,Madagascar,0.559,2020-Jul,20.46177432,2020,7,29051.19412,14553856862,0.108615549
317,Maldives,0.564,2020-Jul,1093.809731,2020,7,501.371625,5892798779,3.110605769
318,Mozambique,0.479,2020-Jul,2113.130169,2020,7,30923.82975,16598037663,0.229235579
319,Nepal,0.494,2020-Jul,6677.656286,2020,7,28902.0785,36809965287,0.502205921
320,Solomon Islands,0.634,2020-Jul,522.938669,2020,7,747.991625,1599357143,0.355189221
321,United Arab Emirates,0.382,2020-Jul,851757.9633,2020,7,9701.936625,4.51E+11,20.22753997
322,Vanuatu,0.56,2020-Jul,60.95758101,2020,7,299.882875,968661153.8,0.428952355
323,Australia,0.306,2020-Aug,253123.7315,2020,8,25767.02921,1.51E+12,14.94757617
324,Canada,0.281,2020-Aug,567336.1032,2020,8,38193.93825,1.91E+12,13.89464262
325,France,0.3,2020-Aug,948765.7058,2020,8,65946.35588,2.75E+12,4.059199639
326,Germany,0.299,2020-Aug,967661.9647,2020,8,83767.8064,3.97E+12,7.395214069
327,Japan,0.36,2020-Aug,1103515.946,2020,8,126025.7766,4.78E+12,8.124601017
328,Netherlands,0.355,2020-Aug,769877.1909,2020,8,17682.74379,9.49E+11,7.667890104
329,Spain,0.292,2020-Aug,448856.8052,2020,8,47590.7856,1.40E+12,4.457137119
330,United Kingdom,0.285,2020-Aug,1255474.277,2020,8,67533.84931,2.95E+12,4.720871464
331,Bangladesh,0.554,2020-Aug,16641.84782,2020,8,166683.1591,3.94E+11,0.520873829
332,Haiti,0.51,2020-Aug,29.60364362,2020,8,11262.88002,17089252572,0.286612107
333,Madagascar,0.559,2020-Aug,677.1839636,2020,8,29097.39635,14578811983,0.106724548
334,Maldives,0.564,2020-Aug,1184.654201,2020,8,502.1294375,5902060112,3.063235691
335,Mozambique,0.479,2020-Aug,2589.269196,2020,8,30981.57696,16658330925,0.228157575
336,Nepal,0.494,2020-Aug,4602.094794,2020,8,28929.19042,36955731098,0.503399309
337,Solomon Islands,0.634,2020-Aug,463.168815,2020,8,749.0941042,1598257261,0.349835276
338,United Arab Emirates,0.382,2020-Aug,1056097.874,2020,8,9719.941604,4.53E+11,20.23166192
339,Vanuatu,0.56,2020-Aug,119.5172536,2020,8,300.3216458,970446425.3,0.422322791
340,Australia,0.306,2020-Sep,263210.0519,2020,9,25781.99317,1.52E+12,14.91328832
341,Canada,0.281,2020-Sep,550382.7464,2020,9,38215.57,1.92E+12,13.83405337
342,France,0.3,2020-Sep,908250.8058,2020,9,65957.7715,2.75E+12,4.038096201
343,Germany,0.299,2020-Sep,870376.499,2020,9,83778.78642,3.97E+12,7.367215461
344,Japan,0.36,2020-Sep,920330.1183,2020,9,125990.3215,4.76E+12,8.105979987
345,Netherlands,0.355,2020-Sep,722930.1431,2020,9,17690.38783,9.52E+11,7.628622779
346,Spain,0.292,2020-Sep,339645.3848,2020,9,47598.97858,1.40E+12,4.42162861
347,United Kingdom,0.285,2020-Sep,1071709.891,2020,9,67556.10675,2.95E+12,4.696925621
348,Bangladesh,0.554,2020-Sep,18005.10291,2020,9,166776.3225,3.97E+11,0.518828575
349,Haiti,0.51,2020-Sep,62.41633652,2020,9,11271.18092,17198366342,0.286052691
350,Madagascar,0.559,2020-Sep,2160.293968,2020,9,29143.59858,14603767104,0.104833546
351,Maldives,0.564,2020-Sep,936.7942698,2020,9,502.88725,5911321444,3.015865612
352,Mozambique,0.479,2020-Sep,2528.269358,2020,9,31039.32417,16718624186,0.22707957
353,Nepal,0.494,2020-Sep,8735.734483,2020,9,28956.30233,37101496908,0.504592697
354,Solomon Islands,0.634,2020-Sep,487.8584849,2020,9,750.1965833,1597157379,0.344481331
355,United Arab Emirates,0.382,2020-Sep,1235678.887,2020,9,9737.946583,4.55E+11,20.23578387
356,Vanuatu,0.56,2020-Sep,485.4370828,2020,9,300.7604167,972231696.7,0.415693226
357,Australia,0.306,2020-Oct,288564.8794,2020,10,25796.95713,1.53E+12,14.87900046
358,Canada,0.281,2020-Oct,574307.4038,2020,10,38237.20175,1.93E+12,13.77346411
359,France,0.3,2020-Oct,893728.0963,2020,10,65969.18713,2.75E+12,4.016992764
360,Germany,0.299,2020-Oct,826541.9907,2020,10,83789.76644,3.97E+12,7.339216853
361,Japan,0.36,2020-Oct,1059622.11,2020,10,125954.8664,4.74E+12,8.087358958
362,Netherlands,0.355,2020-Oct,768491.2092,2020,10,17698.03188,9.54E+11,7.589355454
363,Spain,0.292,2020-Oct,303662.9531,2020,10,47607.17156,1.40E+12,4.3861201
364,United Kingdom,0.285,2020-Oct,941271.2169,2020,10,67578.36419,2.96E+12,4.672979779
365,Bangladesh,0.554,2020-Oct,26667.4235,2020,10,166869.4859,3.99E+11,0.516783321
366,Haiti,0.51,2020-Oct,158.8582319,2020,10,11279.48181,17307480113,0.285493274
367,Madagascar,0.559,2020-Oct,1938.977437,2020,10,29189.80081,14628722225,0.102942545
368,Maldives,0.564,2020-Oct,1644.531235,2020,10,503.6450625,5920582776,2.968495534
369,Mozambique,0.479,2020-Oct,2956.664082,2020,10,31097.07138,16778917447,0.226001566
370,Nepal,0.494,2020-Oct,10871.7884,2020,10,28983.41425,37247262718,0.505786084
371,Solomon Islands,0.634,2020-Oct,319.2278221,2020,10,751.2990625,1596057497,0.339127385
372,United Arab Emirates,0.382,2020-Oct,1287335.048,2020,10,9755.951563,4.57E+11,20.23990582
373,Vanuatu,0.56,2020-Oct,358.0017205,2020,10,301.1991875,974016968.2,0.409063662
374,Australia,0.306,2020-Nov,317958.2619,2020,11,25811.92108,1.53E+12,14.84471261
375,Canada,0.281,2020-Nov,567150.5357,2020,11,38258.8335,1.94E+12,13.71287485
376,France,0.3,2020-Nov,710789.8319,2020,11,65980.60275,2.75E+12,3.995889327
377,Germany,0.299,2020-Nov,725702.9074,2020,11,83800.74646,3.98E+12,7.311218244
378,Japan,0.36,2020-Nov,1225978.37,2020,11,125919.4112,4.72E+12,8.068737928
379,Netherlands,0.355,2020-Nov,746930.9564,2020,11,17705.67592,9.56E+11,7.550088129
380,Spain,0.292,2020-Nov,257353.3028,2020,11,47615.36454,1.41E+12,4.35061159
381,United Kingdom,0.285,2020-Nov,658171.7464,2020,11,67600.62163,2.96E+12,4.649033936
382,Bangladesh,0.554,2020-Nov,31183.37305,2020,11,166962.6493,4.01E+11,0.514738067
383,Haiti,0.51,2020-Nov,148.4849091,2020,11,11287.78271,17416593884,0.284933857
384,Madagascar,0.559,2020-Nov,545.9554469,2020,11,29236.00304,14653677347,0.101051543
385,Maldives,0.564,2020-Nov,1126.881089,2020,11,504.402875,5929844108,2.921125455
386,Mozambique,0.479,2020-Nov,2651.166003,2020,11,31154.81858,16839210708,0.224923562
387,Nepal,0.494,2020-Nov,11486.60911,2020,11,29010.52617,37393028529,0.506979472
388,Solomon Islands,0.634,2020-Nov,398.3199412,2020,11,752.4015417,1594957616,0.33377344
389,United Arab Emirates,0.382,2020-Nov,1344280.433,2020,11,9773.956542,4.59E+11,20.24402778
390,Vanuatu,0.56,2020-Nov,281.8990085,2020,11,301.6379583,975802239.7,0.402434097
391,Australia,0.306,2020-Dec,459191.5562,2020,12,25826.88504,1.54E+12,14.81042476
392,Canada,0.281,2020-Dec,619567.6287,2020,12,38280.46525,1.94E+12,13.6522856
393,France,0.3,2020-Dec,839618.3927,2020,12,65992.01838,2.75E+12,3.974785889
394,Germany,0.299,2020-Dec,753114.5557,2020,12,83811.72648,3.98E+12,7.283219636
395,Japan,0.36,2020-Dec,1394716.273,2020,12,125883.9561,4.71E+12,8.050116899
396,Netherlands,0.355,2020-Dec,675942.1648,2020,12,17713.31996,9.58E+11,7.510820804
397,Spain,0.292,2020-Dec,391531.3184,2020,12,47623.55752,1.41E+12,4.315103081
398,United Kingdom,0.285,2020-Dec,834740.4225,2020,12,67622.87906,2.97E+12,4.625088093
399,Bangladesh,0.554,2020-Dec,32073.06112,2020,12,167055.8126,4.03E+11,0.512692813
400,Haiti,0.51,2020-Dec,840.4618433,2020,12,11296.0836,17525707654,0.284374441
401,Madagascar,0.559,2020-Dec,1308.080366,2020,12,29282.20527,14678632468,0.099160542
402,Maldives,0.564,2020-Dec,1339.635964,2020,12,505.1606875,5939105441,2.873755377
403,Mozambique,0.479,2020-Dec,2923.622911,2020,12,31212.56579,16899503969,0.223845557
404,Nepal,0.494,2020-Dec,12132.09183,2020,12,29037.63808,37538794339,0.50817286
405,Solomon Islands,0.634,2020-Dec,544.9545482,2020,12,753.5040208,1593857734,0.328419495
406,United Arab Emirates,0.382,2020-Dec,1460574.331,2020,12,9791.961521,4.61E+11,20.24814973
407,Vanuatu,0.56,2020-Dec,413.0731863,2020,12,302.0767292,977587511.1,0.395804533
